Date,Name,Age,Address,Gender,Contact Number,Product Purchased,Amount,Product Quantity,Email
8/24/2020,Sheryl Baxter,,"East Leonard, Chile",,229.077.5154,,,,zunigavanessa@smith.info
4/23/2021,Preston Lozano,,"East Jimmychester, Djibouti",,5153435776,,,,vmata@colon.com
3/25/2020,Roy Berry,,"Isabelborough, Antigua and Barbuda",,-1199,,,,beckycarr@hogan.com
6/2/2020,Linda Olsen,,"Bensonview, Dominican Republic",,001-808-617-6467x12895,,,,stanleyblackwell@benson.org
4/17/2021,Joanna Bender,,"West Priscilla, Slovakia (Slovak Republic)",,001-234-203-0635x76146,,,,colinalvarado@miles.net
2/25/2020,Aimee Downs,,"Chavezborough, Bosnia and Herzegovina",,(283)437-3886x88321,,,,louis27@gilbert.com
8/24/2021,Darren Peck,,"Lake Ana, Pitcairn Islands",,(496)452-6181x3291,,,,tgates@cantrell.com
4/12/2021,Brett Mullen,,"Kimport, Bulgaria",,001-583-352-7197x297,,,,asnow@colon.com
1/13/2020,Sheryl Meyers,,"Robersonstad, Cyprus",,854-138-4911x5772,,,,mariokhan@ryan-pope.org
11/8/2021,Michelle Gallagher,,"Elaineberg, Timor-Leste",,739.218.2516x459,,,,mdyer@escobar.net
10/20/2021,Carl Schroeder,,"Shannonville, Guernsey",,637-854-0256x825,,,,kirksalas@webb.com
11/29/2020,Jenna Dodson,,"East Andrea, Vietnam",,(041)737-3846,,,,mark42@robbins.com
12/2/2021,Tracey Mata,,"South Joannamouth, Togo",,001-949-844-8787,,,,alex56@walls.org
2/8/2021,Kristine Cox,,"Jodyberg, Sri Lanka",,786-284-3358x62152,,,,holdenmiranda@clarke.com
1/26/2022,Faith Lutz,,"Burchbury, Singapore",,(781)861-7180x8306,,,,cassieparrish@blevins-chapman.net
4/12/2022,Miranda Beasley,,"Desireeshire, Oman",,540.085.3135x185,,,,vduncan@parks-hardy.com
3/10/2021,Caroline Foley,,"West Adriennestad, Western Sahara",,936.222.4746x9924,,,,holtgwendolyn@watson-davenport.com
3/26/2022,Greg Mata,,"Lake Leslie, Mozambique",,(701)087-2415,,,,jaredjuarez@carroll.org
9/24/2020,Clifford Jacobson,,"Harmonview, South Georgia and the South Sandwich Islands",,001-151-330-3524x0469,,,,joseph26@jacobson.com
9/24/2021,Joanna Kirk,,"Jamesshire, French Polynesia",,(266)131-7001x711,,,,tuckerangie@salazar.net
1/12/2022,Maxwell Frye,,"East Carly, Malta",,423.262.3059,,,,fgibson@drake-webb.com
9/15/2020,Kiara Houston,,"South Alvin, Netherlands",,001-274-040-3582x10611,,,,blanchardbob@wallace-shannon.com
8/19/2020,Colleen Howard,,"Brittanyview, Paraguay",,1935085151,,,,rsingleton@ryan-cherry.com
9/8/2020,Janet Valenzuela,,"Veronicamouth, Lao People's Democratic Republic",,354.259.5062x7538,,,,stefanie71@spence.com
4/6/2021,Shane Wilcox,,"Bryanville, Albania",,(429)005-9030x11004,,,,mariah88@santos.com
5/24/2022,Marcus Moody,,"Kaitlyntown, Panama",,674-677-8623,,,,donnamullins@norris-barrett.org
2/20/2022,Dakota Poole,,"Michealshire, Belarus",,(371)987-8576x4720,,,,stacey67@fields.org
5/26/2022,Frederick Harper,,"South Marissatown, Switzerland",,+1-077-121-1558x0687,,,,jacobkhan@bright.biz
7/30/2020,Stefanie Fitzpatrick,,"Acevedoville, Saint Vincent and the Grenadines",,(752)776-3286,,,,wterrell@clark.com
4/26/2020,Kent Bradshaw,,"North Harold, Tanzania",,+1-472-143-5037x884,,,,qjimenez@boyd.com
9/15/2021,Jack Tate,,"West Samuel, Zimbabwe",,965-108-4406x20714,,,,gfigueroa@boone-zavala.com
1/13/2022,Tom Trujillo,,"Cunninghamborough, Denmark",,416-338-3758,,,,tapiagreg@beard.info
4/24/2021,Gabriel Mejia,,"Port Annatown, Liechtenstein",,4077245425,,,,coleolson@jennings.net
9/21/2021,Kaitlyn Santana,,"New Kaitlyn, United States of America",,6303643286,,,,georgeross@miles.org
11/3/2021,Faith Moon,,"West Marthaburgh, Bahamas",,+1-586-217-0359x6317,,,,willistonya@randolph-baker.com
1/4/2022,Tammie Haley,,"East Teresa, Belize",,001-276-734-4113x6087,,,,harrisisaiah@jenkins.com
8/10/2021,Nicholas Sosa,,"South Hunter, Uruguay",,(661)425-6042,,,,fwolfe@dorsey.com
2/24/2021,Jordan Gay,,"South Walter, Solomon Islands",,7208417020,,,,tiffanydavies@harris-mcfarland.org
10/22/2021,Bruce Esparza,,"Poolefurt, Montenegro",,559-529-4424,,,,preese@frye-vega.com
11/1/2021,Sherry Garza,,"West John, Poland",,001-067-713-6440x158,,,,ann48@miller.com
10/10/2020,Natalie Gentry,,"West Darius, Dominican Republic",,830.996.8238,,,,tcummings@fitzpatrick-ashley.com
9/8/2021,Bryan Dunn,,"North Jimstad, Burkina Faso",,001-710-802-5565,,,,woodwardandres@phelps.com
12/13/2020,Wayne Simpson,,"East Rebekahborough, Bolivia",,(344)156-8632x1869,,,,barbarapittman@holder.com
5/15/2022,Luis Greer,,"North Drew, Bulgaria",,001-336-025-6849x701,,,,bstuart@williamson-mcclure.com
12/6/2021,Rhonda Frost,,"Lake Lindaburgh, Monaco",,(127)081-9339,,,,zkrueger@wolf-chavez.net
7/1/2020,Joanne Montes,,"Gwendolynview, Palau",,(897)726-7952,,,,juan80@henson.net
4/23/2020,Geoffrey Guzman,,"Zimmermanland, Uzbekistan",,975.235.8921x269,,,,bauercrystal@gay.com
3/11/2022,Gloria Mccall,,"North Kerriton, Ghana",,445-603-6729,,,,bartlettjenna@zuniga-moss.biz
3/10/2022,Brady Cohen,,"North Eileenville, United Arab Emirates",,741.849.0139x524,,,,mccalltyrone@durham-rose.biz
12/2/2021,Latoya Mccann,,"Port Sergiofort, Belarus",,(530)287-4548x29481,,,,bobhammond@barry.biz
3/19/2021,Gerald Hawkins,,"New Alberttown, Canada",,+1-323-239-1456x96168,,,,uwarner@steele-arias.com
3/27/2021,Samuel Crawford,,"South Jasmine, Algeria",,802-242-7457,,,,xpittman@ritter-carney.net
3/8/2021,Patricia Goodwin,,"Cowanfort, Swaziland",,322.549.7139x70040,,,,vaughanchristy@lara.biz
10/15/2020,Stacie Richard,,"New Deborah, Madagascar",,001-622-948-3641x24810,,,,clinton85@colon-arias.org
1/13/2022,Robin West,,"Wallstown, Ecuador",,698.303.4267,,,,greenemiranda@zimmerman.com
5/25/2020,Ralph Haas,,"Lake Ellenchester, Palestinian Territory",,2239271999,,,,goodmancesar@figueroa.biz
1/25/2021,Phyllis Maldonado,,"Lake Whitney, Saint Barthelemy",,4500370767,,,,yhanson@warner-diaz.org
3/17/2021,Danny Parrish,,"East Jaredbury, United Arab Emirates",,(669)384-8597x8794,,,,howelldarren@house-cohen.com
11/15/2020,Kathy Hill,,"Selenabury, South Georgia and the South Sandwich Islands",,001-171-716-2175x310,,,,ncamacho@boone-simmons.org
12/20/2020,Kelli Hardy,,"Huangfort, Sao Tome and Principe",,020.324.2191x2022,,,,kristopher62@oliver.com
8/21/2020,Lynn Pham,,"East Pennyshire, Portugal",,846.468.6834x611,,,,mpham@rios-guzman.com
12/10/2020,Shelley Harris,,"Port Jasminborough, Togo",,423.098.0315x8373,,,,zachary96@mitchell-bryant.org
3/24/2022,Eddie Jimenez,,"West Kristine, Ethiopia",,+1-235-657-1073x6306,,,,kristiwhitney@bernard.com
5/15/2022,Chloe Hutchinson,,"South Julia, Netherlands",,981-544-9452,,,,leah85@sutton-terrell.com
1/2/2021,Eileen Lynch,,"Helenborough, Liberia",,+1-158-951-4131x53578,,,,levigiles@vincent.com
4/23/2021,Fernando Lambert,,"Lake Nancy, Lithuania",,497.829.9038,,,,fisherlinda@schaefer.net
1/20/2020,Makayla Cannon,,"Georgeport, New Caledonia",,001-215-801-6392x46009,,,,scottcurtis@hurley.biz
8/18/2020,Tom Alvarado,,"South Sophiaberg, Kiribati",,(585)606-2980x2258,,,,nicholsonnina@montgomery.info
1/31/2021,Virginia Dudley,,"Hartbury, French Southern Territories",,027.846.3705x14184,,,,zvalencia@phelps.com
2/3/2020,Riley Good,,"Erikaville, Canada",,6977745822,,,,alex06@galloway.com
2/20/2021,Alexandria Buck,,"Nicolasfort, Iran",,078-900-4760x76668,,,,lee48@manning.com
2/23/2020,Richard Roth,,"New Jasmineshire, Morocco",,581-440-6539,,,,aharper@maddox-townsend.org
8/22/2020,Candice Keller,,"East Summerstad, Zimbabwe",,001-927-965-8550x92406,,,,buckleycory@odonnell.net
2/9/2020,Anita Benson,,"Skinnerport, Russian Federation",,874.617.5668x69878,,,,angie04@oconnell.com
1/15/2022,Regina Stein,,"Raystad, Solomon Islands",,001-469-848-0724x4407,,,,zrosario@rojas-hardin.net
7/11/2020,Debra Riddle,,"Colinhaven, United States Virgin Islands",,+1-768-182-6014x14336,,,,shieldskerry@robles.com
7/24/2021,Brittany Zuniga,,"West Reginald, Kyrgyz Republic",,(050)136-9025,,,,mchandler@cochran-huerta.org
10/21/2020,Cassidy Mcmahon,,"Lake Sherryborough, Myanmar",,5040771311,,,,katrinalane@fitzgerald.com
6/8/2020,Laurie Pennington,,"Port Katherineville, Dominica",,007.155.3406x553,,,,cookejill@powell.com
9/19/2020,Alejandro Blair,,"Thomasland, Iceland",,(690)068-4641x51468,,,,elizabethbarr@ewing.com
11/13/2021,Leslie Jennings,,"Coreybury, Micronesia",,629.198.6346,,,,corey75@wiggins.com
9/12/2021,Kathleen Mckay,,"Lake Janiceton, Saint Vincent and the Grenadines",,(733)910-9968,,,,chloelester@higgins-wilkinson.com
12/28/2020,Hunter Moreno,,"East Clinton, Isle of Man",,(733)833-6754,,,,isaac26@benton-finley.com
11/15/2021,Chad Davidson,,"South Joshuashire, Oman",,8275702958,,,,justinwalters@jimenez.com
2/18/2020,Corey Holt,,"New Glenda, Fiji",,001-439-242-4986x7918,,,,maurice46@morgan.com
5/13/2022,Emma Cunningham,,"North Jillianview, New Zealand",,128-059-0206x60217,,,,walter83@juarez.org
7/21/2020,Duane Woods,,"Lyonsberg, Maldives",,(636)544-7783x7288,,,,kmercer@wagner.com
11/10/2020,Alison Vargas,,"East Cristinabury, Benin",,365-273-8144,,,,vcantu@norton.com
4/15/2021,Vernon Kane,,"Thomasfurt, Yemen",,114-854-1159x555,,,,hilljesse@barrett.info
1/9/2021,Lori Flowers,,"North Joeburgh, Namibia",,679.415.1210,,,,tyrone77@valenzuela.info
3/26/2020,Nina Chavez,,"Cassidychester, Bhutan",,053-344-3205,,,,elliserica@frank.com
7/6/2021,Shane Foley,,"South Dannymouth, Hungary",,-1692,,,,nsteele@sparks.com
6/29/2021,Collin Ayers,,"South Lonnie, Anguilla",,404-645-5351x012,,,,dudleyemily@gonzales.biz
4/4/2021,Sherry Young,,"Frankchester, Solomon Islands",,158-687-1764,,,,alan79@gates-mclaughlin.com
2/17/2022,Darrell Douglas,,"Daisyborough, Mali",,001-084-845-9524x1777,,,,grayjean@lowery-good.com
1/30/2022,Karl Greer,,"East Richard, Guyana",,(188)169-1674x58692,,,,hhart@jensen.com
7/10/2021,Lynn Atkinson,,"New Bradview, Sri Lanka",,-3769,,,,vkemp@ferrell.com
9/18/2021,Fred Guerra,,"Ortegaland, Solomon Islands",,+1-753-067-8419x7170,,,,swagner@kane.org
8/11/2021,Yvonne Farmer,,"Lake Elijahview, Aruba",,(530)311-9786,,,,mccarthystephen@horn-green.biz
3/11/2020,Clarence Haynes,,"Judymouth, Honduras",,(753)813-6941,,,,colleen91@faulkner.biz
